dataset,mode,seed,R,params,init_time_s,online_time_s,total_train_time_s,infer_time_s,avg_online_nre_train,avg_online_nre_test,final_train_nre,final_test_nre,init_loss_best,final_train_loss,final_test_loss,avg_flops_m,num_updates,final_shape,sample_rate,model,dA_l1_max,dB_l1_max,dC_l1_max,avg_update_time_s
foreman.mat,multi,42,5,19215,1.1935,12.7091,13.9026,0.000895,0.141576,0.14266,0.172875,0.173328,0.854894,0.014567,0.014627,0.5798,9,"(140,170,100)",0.3,CP,,,,1.412122222222222
foreman.mat,multi,7,5,19215,1.77,12.9333,14.7034,0.001176,0.139343,0.139822,0.168443,0.168412,0.944381,0.01382,0.013814,0.5798,9,"(140,170,100)",0.3,CP,,,,1.4370333333333332
foreman.mat,multi,123,5,19215,1.0923,12.771,13.8633,0.001123,0.140753,0.141009,0.167719,0.16836,1.198037,0.013691,0.013826,0.5798,9,"(140,170,100)",0.3,CP,,,,1.419
foreman.mat,multi,42,10,21150,1.2312,13.178,14.4092,0.001045,0.121438,0.122839,0.153616,0.15416,0.61871,0.011502,0.011571,0.6578,9,"(140,170,100)",0.3,CP,,,,1.4642222222222223
foreman.mat,multi,7,10,21150,0.4965,13.8048,14.3013,0.001058,0.118281,0.119245,0.150766,0.151049,1.069762,0.011071,0.011113,0.6578,9,"(140,170,100)",0.3,CP,,,,1.5338666666666667
foreman.mat,multi,123,10,21150,0.8435,14.5221,15.3657,0.001293,0.116642,0.117636,0.147895,0.1485,0.756819,0.010646,0.010757,0.6578,9,"(140,170,100)",0.3,CP,,,,1.6135666666666666
foreman.mat,multi,42,20,25020,1.7143,14.9714,16.6856,0.001457,0.099985,0.102318,0.1314,0.132153,0.362431,0.008416,0.008503,0.814,9,"(140,170,100)",0.3,CP,,,,1.6634888888888888
foreman.mat,multi,7,20,25020,0.43,14.7429,15.1728,0.001468,0.097015,0.098702,0.130247,0.130757,0.984252,0.008263,0.008328,0.814,9,"(140,170,100)",0.3,CP,,,,1.6381000000000001
foreman.mat,multi,123,20,25020,1.3202,14.0126,15.3328,0.001608,0.102795,0.104519,0.136268,0.136961,0.497081,0.009037,0.00915,0.814,9,"(140,170,100)",0.3,CP,,,,1.5569555555555556
foreman.mat,multi,42,40,32760,0.6551,15.3419,15.997,0.001859,0.083825,0.087233,0.11536,0.116213,0.552866,0.006486,0.006575,1.1263,9,"(140,170,100)",0.3,CP,,,,1.7046555555555556
foreman.mat,multi,7,40,32760,0.155,15.4715,15.6265,0.001944,0.087448,0.090047,0.121326,0.121956,1.349127,0.00717,0.007244,1.1263,9,"(140,170,100)",0.3,CP,,,,1.7190555555555556
foreman.mat,multi,123,40,32760,0.8572,15.3052,16.1624,0.002308,0.084452,0.087054,0.113058,0.113938,0.551644,0.006221,0.006332,1.1263,9,"(140,170,100)",0.3,CP,,,,1.7005777777777777
foreman.mat,multi,42,60,40500,0.9311,17.256,18.1871,0.003572,0.077187,0.081509,0.103792,0.104826,0.426426,0.005251,0.00535,1.4386,9,"(140,170,100)",0.3,CP,,,,1.9173333333333333
foreman.mat,multi,7,60,40500,0.3819,17.0375,17.4194,0.002669,0.075489,0.079037,0.101505,0.102455,0.851509,0.005018,0.005113,1.4386,9,"(140,170,100)",0.3,CP,,,,1.8930555555555557
foreman.mat,multi,123,60,40500,0.7642,16.6398,17.404,0.003167,0.076993,0.08063,0.10498,0.106085,0.542665,0.005364,0.00549,1.4386,9,"(140,170,100)",0.3,CP,,,,1.8488666666666669
foreman.mat,multi,42,80,48240,0.5103,19.3101,19.8205,0.005111,0.072598,0.077172,0.09588,0.097068,0.580264,0.004481,0.004587,1.751,9,"(140,170,100)",0.3,CP,,,,2.1455666666666664
foreman.mat,multi,7,80,48240,0.3289,19.2628,19.5916,0.005659,0.073334,0.07729,0.097292,0.098402,0.904175,0.004611,0.004716,1.751,9,"(140,170,100)",0.3,CP,,,,2.140311111111111
foreman.mat,multi,123,80,48240,0.8138,19.2252,20.039,0.004589,0.072627,0.076692,0.100247,0.101582,0.482995,0.004891,0.005033,1.751,9,"(140,170,100)",0.3,CP,,,,2.1361333333333334
foreman.mat,multi,42,100,55980,0.5587,23.4772,24.0359,0.009214,0.070709,0.075763,0.091393,0.092974,0.5894,0.004071,0.004209,2.0633,9,"(140,170,100)",0.3,CP,,,,2.6085777777777777
foreman.mat,multi,7,100,55980,0.3543,24.1119,24.4662,0.009119,0.069756,0.074174,0.091727,0.093171,0.967693,0.004098,0.004228,2.0633,9,"(140,170,100)",0.3,CP,,,,2.6791
foreman.mat,multi,123,100,55980,0.7656,23.1822,23.9478,0.008329,0.068783,0.073058,0.09022,0.091758,0.595099,0.003962,0.004107,2.0633,9,"(140,170,100)",0.3,CP,,,,2.5758
foreman.mat,multi,42,5,21795,0.9034,15.053,15.9564,0.000466,0.150364,0.150761,0.169829,0.170182,8.289968,0.014058,0.014101,,9,"(140,170,100)",0.3,Dense TT,0.281576,3.495192,0.010888,1.6725555555555556
foreman.mat,multi,7,5,21795,0.4987,15.1884,15.6871,0.000509,0.147866,0.147598,0.165809,0.165594,9.470663,0.013391,0.013356,,9,"(140,170,100)",0.3,Dense TT,0.339019,2.767665,0.021549,1.6876
foreman.mat,multi,123,5,21795,0.5647,15.141,15.7057,0.000512,0.147856,0.147854,0.167602,0.168085,9.605876,0.013672,0.013781,,9,"(140,170,100)",0.3,Dense TT,0.379164,3.225643,0.015919,1.6823333333333332
foreman.mat,multi,42,10,32760,0.4474,16.7395,17.1869,0.000578,0.136593,0.137184,0.142535,0.142533,14.516065,0.009902,0.009891,,9,"(140,170,100)",0.3,Dense TT,0.513564,9.823124,0.05677,1.8599444444444444
foreman.mat,multi,7,10,32760,0.5512,16.559,17.1102,0.000587,0.132322,0.132339,0.142861,0.142862,8.928517,0.009941,0.009941,,9,"(140,170,100)",0.3,Dense TT,0.783828,10.400735,0.040743,1.839888888888889
foreman.mat,multi,123,10,32760,0.3918,16.39,16.7818,0.000496,0.139373,0.139561,0.145576,0.146153,17.290234,0.010314,0.010419,,9,"(140,170,100)",0.3,Dense TT,0.579285,9.974016,0.039388,1.8211111111111111
foreman.mat,multi,42,20,74040,0.3955,18.6401,19.0356,0.00052,0.132691,0.133482,0.133701,0.134095,15.054089,0.008713,0.008755,,9,"(140,170,100)",0.3,Dense TT,1.020706,33.384308,0.056793,2.0711222222222223
foreman.mat,multi,7,20,74040,0.3643,17.0657,17.4299,0.000685,0.135981,0.13606,0.137664,0.137854,12.272976,0.009231,0.009256,,9,"(140,170,100)",0.3,Dense TT,1.015474,24.790112,0.056949,1.896188888888889
foreman.mat,multi,123,20,74040,0.7991,17.0899,17.889,0.000736,0.132614,0.132794,0.1334,0.134043,12.901002,0.008661,0.008764,,9,"(140,170,100)",0.3,Dense TT,1.14405,29.946127,0.06133,1.8988777777777779
foreman.mat,multi,42,40,234000,0.4847,19.8677,20.3524,0.001064,0.140494,0.141107,0.141455,0.141716,18.421412,0.009753,0.009778,,9,"(140,170,100)",0.3,Dense TT,1.766585,66.576202,0.069689,2.207522222222222
foreman.mat,multi,7,40,234000,0.303,20.5621,20.8651,0.001025,0.134732,0.134613,0.13688,0.137071,18.604481,0.009126,0.009151,,9,"(140,170,100)",0.3,Dense TT,1.824895,85.053192,0.064674,2.284677777777778
foreman.mat,multi,123,40,234000,0.3661,20.1208,20.4869,0.001397,0.138059,0.138279,0.135424,0.135965,18.52668,0.008926,0.009017,,9,"(140,170,100)",0.3,Dense TT,1.797871,95.072777,0.071824,2.2356444444444445
foreman.mat,multi,42,60,497160,0.3709,26.1473,26.5183,0.001967,0.135736,0.136354,0.137509,0.137841,20.162586,0.009216,0.009251,,9,"(140,170,100)",0.3,Dense TT,2.084168,163.668518,0.089175,2.9052555555555557
foreman.mat,multi,7,60,497160,1.0267,26.7912,27.8179,0.002387,0.132132,0.132444,0.136277,0.136603,9.198519,0.009046,0.009089,,9,"(140,170,100)",0.3,Dense TT,2.342807,177.241684,0.076485,2.9768
foreman.mat,multi,123,60,497160,1.0503,27.0609,28.1112,0.002008,0.138145,0.138292,0.138756,0.139362,16.128142,0.009371,0.009474,,9,"(140,170,100)",0.3,Dense TT,2.216401,160.777298,0.075572,3.0067666666666666
foreman.mat,multi,42,80,863520,2.2726,41.1839,43.4565,0.003874,0.142156,0.142723,0.140516,0.140751,16.07597,0.009624,0.009645,,9,"(140,170,100)",0.3,Dense TT,1.636591,391.211151,0.08035,4.575988888888889
foreman.mat,multi,7,80,863520,0.0741,40.8902,40.9643,0.005587,0.143889,0.143735,0.143146,0.143258,170.522244,0.009981,0.009996,,9,"(140,170,100)",0.3,Dense TT,2.060452,262.264709,0.082002,4.543355555555555
foreman.mat,multi,123,80,863520,1.2752,41.1023,42.3775,0.003909,0.136823,0.137139,0.138669,0.139221,18.180141,0.009359,0.009454,,9,"(140,170,100)",0.3,Dense TT,2.405966,301.773682,0.076104,4.566922222222222
foreman.mat,multi,42,100,1333080,0.1171,61.883,62.0001,0.007262,0.143311,0.143687,0.140323,0.14047,177.566958,0.009597,0.009607,,9,"(140,170,100)",0.3,Dense TT,2.750686,377.960999,0.09402,6.875888888888889
foreman.mat,multi,7,100,1333080,0.1451,61.246,61.3912,0.00679,0.140349,0.14025,0.137497,0.137698,177.234276,0.009208,0.009235,,9,"(140,170,100)",0.3,Dense TT,2.764155,456.229675,0.099313,6.8051111111111116
foreman.mat,multi,123,100,1333080,5.9442,61.611,67.5553,0.00669,0.135579,0.135849,0.137739,0.138344,12.646562,0.009234,0.009336,,9,"(140,170,100)",0.3,Dense TT,2.651916,431.534973,0.092149,6.845666666666666
